{"2016-Q2": 226242.34375, "2016-Q3": 219472.23255813954, "2016-Q4": 222693.05, "2017-Q1": 221585.33333333328, "2017-Q2": 214968.24, "2017-Q3": 208402.00588235297, "2017-Q4": 213530.36842105267, "2018-Q1": 217203.79032258067, "2018-Q2": 223954.7875, "2018-Q3": 214529.52380952387, "2018-Q4": 220292.425, "2019-Q1": 214681.57377049176, "2019-Q2": 228283.0548780488, "2019-Q3": 226913.58333333328}